,0
1,Opening Image
2,Opening Image
3,Opening Image
4,Opening Image
6,Opening Image
10,Set-Up
14,Set-Up
17,Set-Up
20,Set-Up
21,Set-Up
22,Set-Up
23,Set-Up
24,Set-Up
25,Set-Up
26,Set-Up
27,Set-Up
28,Catalyst
29,Set-Up
30,Set-Up
31,Catalyst
32,Catalyst
34,Debate
35,Debate
36,Debate
37,Debate
38,Set-Up
39,None
40,Debate
41,Debate
42,Debate
43,Debate
44,None
45,Debate
46,Debate
47,Debate
48,Debate
50,Debate
52,B Story
53,Break into Two
54,None
56,B Story
57,None
59,B Story
60,Fun and Games
61,B Story
62,B Story
63,B Story
64,Fun and Games
65,B Story
66,B Story
67,B Story
68,B Story
70,Fun and Games
71,Fun and Games
72,None
73,Midpoint
74,B Story
75,Midpoint
77,B Story
78,B Story
79,Fun and Games
80,Fun and Games
81,Fun and Games
82,B Story
83,B Story
85,Fun and Games
86,B Story
87,Fun and Games
88,Fun and Games
89,Fun and Games
90,B Story
91,B Story
93,Fun and Games
94,Midpoint
95,Midpoint
97,None
98,Bad Guys Close In
99,Midpoint
100,Fun and Games
102,B Story
103,Fun and Games
104,Fun and Games
105,Fun and Games
106,B Story
107,Fun and Games
108,Fun and Games
109,Fun and Games
110,Fun and Games
111,Fun and Games
113,Bad Guys Close In
115,Fun and Games
116,Fun and Games
118,None
119,B Story
120,Bad Guys Close In
121,Bad Guys Close In
123,Bad Guys Close In
124,Fun and Games
125,Bad Guys Close In
126,Bad Guys Close In
127,Bad Guys Close In
128,Bad Guys Close In
129,Bad Guys Close In
130,All Is Lost
131,All Is Lost
132,All Is Lost
133,Dark Night of the Soul
134,Dark Night of the Soul
136,Dark Night of the Soul
137,None
138,Break into Three
140,None
142,None
143,Fun and Games
145,Fun and Games
146,Fun and Games
148,Fun and Games
149,Break into Three
150,Break into Three
152,Break into Three
153,Break into Three
154,Dark Night of the Soul
155,Dark Night of the Soul
156,None
157,Fun and Games
159,Finale
160,Break into Three
161,Break into Three
162,Break into Three
163,Finale
164,Finale
165,Finale
166,Finale
167,None
168,Finale
169,Finale
170,Finale
171,Finale
172,Finale
173,Finale
174,Finale
176,Finale
177,Finale
178,Finale
179,Finale
180,Finale
182,Finale
183,Final Image